user005,Elisa Harris,301 Broadway Drive,elisa.harris@hpnorton.com,555-555-0001,True,10001
user006,Will Miles,302 Railroad Drive,will.miles@hpnorton.com,555-555-0002,False,10002
user007,Maya Cruz,303 Broadway Road,maya.cruz@hpnorton.com,555-555-0003,True,10003
user008,Kate Harris,304 Broadway Avenue,kate.harris@hpnorton.com,555-555-0004,True,10004
user009,John Smith,305 Broadway Avenue,john.smith@hpnorton.com,555-555-0005,False,10005
user010,Will Jones,306 Elliot Drive,will.jones@hpnorton.com,555-555-0006,False,10006
user011,Maya Adams,307 Elliot Avenue,maya.adams@hpnorton.com,555-555-0007,False,10007
user012,Kate Jones,308 Thomas Road,kate.jones@hpnorton.com,555-555-0008,True,10008
user013,Andrew Miles,309 Railroad Street,andrew.miles@hpnorton.com,555-555-0009,True,10009
user014,Kate Cruz,310 Railroad Drive,kate.cruz@hpnorton.com,555-555-0010,False,10010
user015,Elisa Cruz,311 Union Drive,elisa.cruz@hpnorton.com,555-555-0011,True,10011
user016,Maya Data,312 Thomas Drive,maya.data@hpnorton.com,555-555-0012,True,10012
user017,Elisa Jones,313 Union Drive,elisa.jones@hpnorton.com,555-555-0013,False,10013
user018,Will Harris,314 Thomas Street,will.harris@hpnorton.com,555-555-0014,True,10014
user019,Andrew Jones,315 Thomas Road,andrew.jones@hpnorton.com,555-555-0015,False,10015
user020,Elisa Miles,316 Broadway Drive,elisa.miles@hpnorton.com,555-555-0016,True,10016
user021,Elisa Smith,317 Cactus Drive,elisa.smith@hpnorton.com,555-555-0017,False,10017
user022,Elisa Smith,318 Thomas Drive,elisa.smith@hpnorton.com,555-555-0018,True,10018
user023,Elisa Jones,319 Railroad Avenue,elisa.jones@hpnorton.com,555-555-0019,True,10019
user024,Will Data,320 Railroad Street,will.data@hpnorton.com,555-555-0020,False,10020
user025,Sarah Jones,321 Broadway Road,sarah.jones@hpnorton.com,555-555-0021,False,10021
user026,Maya Harris,322 Cactus Street,maya.harris@hpnorton.com,555-555-0022,True,10022
user027,Andrew Cruz,323 Union Street,andrew.cruz@hpnorton.com,555-555-0023,False,10023
user028,Elisa Data,324 Broadway Avenue,elisa.data@hpnorton.com,555-555-0024,True,10024
user029,Maya Harris,325 Railroad Street,maya.harris@hpnorton.com,555-555-0025,True,10025
user030,Kate Smith,326 Union Drive,kate.smith@hpnorton.com,555-555-0026,False,10026
user031,Maya Miles,327 Elliot Street,maya.miles@hpnorton.com,555-555-0027,False,10027
user032,Will Harris,328 Thomas Road,will.harris@hpnorton.com,555-555-0028,True,10028
user033,Will Adams,329 Railroad Avenue,will.adams@hpnorton.com,555-555-0029,False,10029
user034,Elisa Smith,330 Thomas Drive,elisa.smith@hpnorton.com,555-555-0030,True,10030
user035,John Cruz,331 Cactus Avenue,john.cruz@hpnorton.com,555-555-0031,True,10031
user036,Adam Adams,332 Thomas Road,adam.adams@hpnorton.com,555-555-0032,True,10032
user037,Will Data,333 Broadway Drive,will.data@hpnorton.com,555-555-0033,True,10033
user038,Adam Cruz,334 Railroad Street,adam.cruz@hpnorton.com,555-555-0034,True,10034
user039,John Adams,335 Elliot Street,john.adams@hpnorton.com,555-555-0035,False,10035
user040,Will Jones,336 Union Avenue,will.jones@hpnorton.com,555-555-0036,True,10036
user041,Andrew Harris,337 Broadway Avenue,andrew.harris@hpnorton.com,555-555-0037,True,10037
user042,Will Adams,338 Broadway Street,will.adams@hpnorton.com,555-555-0038,False,10038
user043,John Adams,339 Elliot Street,john.adams@hpnorton.com,555-555-0039,True,10039
user044,Elisa Cruz,340 Union Drive,elisa.cruz@hpnorton.com,555-555-0040,True,10040
user045,Will Miles,341 Broadway Drive,will.miles@hpnorton.com,555-555-0041,False,10041
user046,Kate Data,342 Railroad Avenue,kate.data@hpnorton.com,555-555-0042,False,10042
user047,Maya Harris,343 Union Road,maya.harris@hpnorton.com,555-555-0043,True,10043
user048,Maya Miles,344 Railroad Road,maya.miles@hpnorton.com,555-555-0044,False,10044
user049,John Smith,345 Railroad Street,john.smith@hpnorton.com,555-555-0045,False,10045
user050,Kate Cruz,346 Elliot Road,kate.cruz@hpnorton.com,555-555-0046,True,10046
user051,Adam Miles,347 Railroad Avenue,adam.miles@hpnorton.com,555-555-0047,False,10047
user052,John Cruz,348 Thomas Drive,john.cruz@hpnorton.com,555-555-0048,True,10048
user053,Elisa Jones,349 Railroad Road,elisa.jones@hpnorton.com,555-555-0049,True,10049
user054,Sarah Adams,350 Broadway Street,sarah.adams@hpnorton.com,555-555-0050,False,10050
user055,Elisa Data,351 Union Drive,elisa.data@hpnorton.com,555-555-0051,True,10051
user056,Andrew Harris,352 Union Avenue,andrew.harris@hpnorton.com,555-555-0052,False,10052
user057,Will Adams,353 Railroad Avenue,will.adams@hpnorton.com,555-555-0053,True,10053
user058,Kate Jones,354 Cactus Street,kate.jones@hpnorton.com,555-555-0054,True,10054
user059,Andrew Smith,355 Elliot Road,andrew.smith@hpnorton.com,555-555-0055,False,10055
user060,Sarah Miles,356 Broadway Street,sarah.miles@hpnorton.com,555-555-0056,False,10056
user061,Will Miles,357 Cactus Street,will.miles@hpnorton.com,555-555-0057,False,10057
user062,Maya Cruz,358 Broadway Avenue,maya.cruz@hpnorton.com,555-555-0058,True,10058
user063,Will Data,359 Broadway Road,will.data@hpnorton.com,555-555-0059,True,10059
user064,John Cruz,360 Thomas Avenue,john.cruz@hpnorton.com,555-555-0060,False,10060
user065,John Cruz,361 Union Avenue,john.cruz@hpnorton.com,555-555-0061,True,10061
user066,John Smith,362 Railroad Drive,john.smith@hpnorton.com,555-555-0062,True,10062
user067,Maya Adams,363 Elliot Drive,maya.adams@hpnorton.com,555-555-0063,False,10063
user068,Sarah Cruz,364 Thomas Street,sarah.cruz@hpnorton.com,555-555-0064,True,10064
user069,Adam Adams,365 Railroad Avenue,adam.adams@hpnorton.com,555-555-0065,False,10065
user070,Maya Jones,366 Cactus Avenue,maya.jones@hpnorton.com,555-555-0066,True,10066
user071,John Cruz,367 Cactus Avenue,john.cruz@hpnorton.com,555-555-0067,False,10067
user072,Sarah Harris,368 Elliot Avenue,sarah.harris@hpnorton.com,555-555-0068,False,10068
user073,Elisa Harris,369 Union Road,elisa.harris@hpnorton.com,555-555-0069,False,10069
user074,Andrew Adams,370 Union Avenue,andrew.adams@hpnorton.com,555-555-0070,False,10070
user075,Kate Data,371 Union Drive,kate.data@hpnorton.com,555-555-0071,True,10071
user076,John Jones,372 Union Street,john.jones@hpnorton.com,555-555-0072,False,10072
user077,John Data,373 Broadway Street,john.data@hpnorton.com,555-555-0073,False,10073
user078,Andrew Cruz,374 Cactus Road,andrew.cruz@hpnorton.com,555-555-0074,True,10074
user079,Adam Harris,375 Union Street,adam.harris@hpnorton.com,555-555-0075,True,10075
user080,Andrew Miles,376 Railroad Avenue,andrew.miles@hpnorton.com,555-555-0076,True,10076
user081,John Miles,377 Cactus Drive,john.miles@hpnorton.com,555-555-0077,False,10077
user082,John Miles,378 Broadway Avenue,john.miles@hpnorton.com,555-555-0078,True,10078
user083,Maya Adams,379 Union Avenue,maya.adams@hpnorton.com,555-555-0079,False,10079
user084,Andrew Adams,380 Union Street,andrew.adams@hpnorton.com,555-555-0080,False,10080
user085,John Data,381 Thomas Road,john.data@hpnorton.com,555-555-0081,False,10081
user086,Kate Smith,382 Union Street,kate.smith@hpnorton.com,555-555-0082,True,10082
user087,John Data,383 Union Drive,john.data@hpnorton.com,555-555-0083,False,10083
user088,Kate Data,384 Cactus Street,kate.data@hpnorton.com,555-555-0084,False,10084
user089,Kate Miles,385 Cactus Road,kate.miles@hpnorton.com,555-555-0085,False,10085
user090,Maya Jones,386 Union Street,maya.jones@hpnorton.com,555-555-0086,False,10086
user091,Kate Smith,387 Railroad Street,kate.smith@hpnorton.com,555-555-0087,False,10087
user092,Sarah Adams,388 Union Avenue,sarah.adams@hpnorton.com,555-555-0088,False,10088
user093,Will Cruz,389 Thomas Road,will.cruz@hpnorton.com,555-555-0089,True,10089
user094,Andrew Miles,390 Elliot Street,andrew.miles@hpnorton.com,555-555-0090,False,10090
user095,Sarah Jones,391 Union Road,sarah.jones@hpnorton.com,555-555-0091,True,10091
user096,Andrew Data,392 Broadway Drive,andrew.data@hpnorton.com,555-555-0092,False,10092
user097,John Miles,393 Railroad Avenue,john.miles@hpnorton.com,555-555-0093,True,10093
user098,John Adams,394 Broadway Avenue,john.adams@hpnorton.com,555-555-0094,False,10094
user099,Adam Harris,395 Union Avenue,adam.harris@hpnorton.com,555-555-0095,False,10095
user100,Andrew Harris,396 Union Road,andrew.harris@hpnorton.com,555-555-0096,True,10096
user101,Sarah Adams,397 Cactus Avenue,sarah.adams@hpnorton.com,555-555-0097,False,10097
user102,Sarah Cruz,398 Railroad Street,sarah.cruz@hpnorton.com,555-555-0098,False,10098
user103,Andrew Cruz,399 Union Road,andrew.cruz@hpnorton.com,555-555-0099,False,10099
user104,Elisa Jones,400 Broadway Avenue,elisa.jones@hpnorton.com,555-555-0100,False,10100
user105,Andrew Cruz,401 Union Street,andrew.cruz@hpnorton.com,555-555-0101,False,10101
user106,Sarah Data,402 Thomas Street,sarah.data@hpnorton.com,555-555-0102,True,10102
user107,John Smith,403 Broadway Drive,john.smith@hpnorton.com,555-555-0103,True,10103
user108,John Smith,404 Union Road,john.smith@hpnorton.com,555-555-0104,True,10104
user109,Will Miles,405 Railroad Road,will.miles@hpnorton.com,555-555-0105,True,10105
user110,Elisa Adams,406 Broadway Avenue,elisa.adams@hpnorton.com,555-555-0106,False,10106
user111,Andrew Adams,407 Elliot Road,andrew.adams@hpnorton.com,555-555-0107,False,10107
user112,Will Smith,408 Railroad Drive,will.smith@hpnorton.com,555-555-0108,False,10108
user113,Sarah Data,409 Broadway Street,sarah.data@hpnorton.com,555-555-0109,True,10109
user114,Andrew Jones,410 Broadway Drive,andrew.jones@hpnorton.com,555-555-0110,True,10110
user115,Elisa Smith,411 Thomas Drive,elisa.smith@hpnorton.com,555-555-0111,True,10111
user116,Sarah Cruz,412 Railroad Drive,sarah.cruz@hpnorton.com,555-555-0112,False,10112
user117,Maya Jones,413 Cactus Avenue,maya.jones@hpnorton.com,555-555-0113,False,10113
user118,Adam Adams,414 Cactus Street,adam.adams@hpnorton.com,555-555-0114,True,10114
user119,Andrew Data,415 Railroad Drive,andrew.data@hpnorton.com,555-555-0115,True,10115
user120,Andrew Adams,416 Railroad Avenue,andrew.adams@hpnorton.com,555-555-0116,False,10116
user121,Andrew Adams,417 Broadway Avenue,andrew.adams@hpnorton.com,555-555-0117,False,10117
user122,Andrew Data,418 Union Street,andrew.data@hpnorton.com,555-555-0118,False,10118
user123,Will Adams,419 Thomas Avenue,will.adams@hpnorton.com,555-555-0119,False,10119
user124,Maya Harris,420 Union Street,maya.harris@hpnorton.com,555-555-0120,True,10120
user125,Kate Harris,421 Elliot Street,kate.harris@hpnorton.com,555-555-0121,True,10121
user126,Kate Cruz,422 Railroad Street,kate.cruz@hpnorton.com,555-555-0122,True,10122
user127,Elisa Smith,423 Cactus Street,elisa.smith@hpnorton.com,555-555-0123,True,10123
user128,John Adams,424 Thomas Street,john.adams@hpnorton.com,555-555-0124,True,10124
user129,Kate Harris,425 Broadway Drive,kate.harris@hpnorton.com,555-555-0125,False,10125
user130,Adam Smith,426 Elliot Road,adam.smith@hpnorton.com,555-555-0126,False,10126
user131,Maya Harris,427 Union Road,maya.harris@hpnorton.com,555-555-0127,True,10127
user132,Andrew Adams,428 Cactus Street,andrew.adams@hpnorton.com,555-555-0128,True,10128
user133,Andrew Smith,429 Railroad Drive,andrew.smith@hpnorton.com,555-555-0129,False,10129
user134,Kate Smith,430 Union Drive,kate.smith@hpnorton.com,555-555-0130,True,10130
user135,Adam Miles,431 Railroad Road,adam.miles@hpnorton.com,555-555-0131,True,10131
user136,Andrew Data,432 Elliot Drive,andrew.data@hpnorton.com,555-555-0132,True,10132
user137,Maya Miles,433 Union Drive,maya.miles@hpnorton.com,555-555-0133,True,10133
user138,Elisa Smith,434 Thomas Avenue,elisa.smith@hpnorton.com,555-555-0134,True,10134
user139,Sarah Adams,435 Railroad Avenue,sarah.adams@hpnorton.com,555-555-0135,True,10135
user140,Elisa Jones,436 Cactus Street,elisa.jones@hpnorton.com,555-555-0136,True,10136
user141,Andrew Miles,437 Railroad Street,andrew.miles@hpnorton.com,555-555-0137,True,10137
user142,Elisa Smith,438 Union Road,elisa.smith@hpnorton.com,555-555-0138,False,10138
user143,Sarah Data,439 Cactus Drive,sarah.data@hpnorton.com,555-555-0139,True,10139
user144,Andrew Jones,440 Cactus Avenue,andrew.jones@hpnorton.com,555-555-0140,False,10140
user145,Sarah Cruz,441 Broadway Drive,sarah.cruz@hpnorton.com,555-555-0141,True,10141
user146,Will Data,442 Thomas Road,will.data@hpnorton.com,555-555-0142,False,10142
user147,John Jones,443 Railroad Road,john.jones@hpnorton.com,555-555-0143,True,10143
user148,Andrew Jones,444 Cactus Drive,andrew.jones@hpnorton.com,555-555-0144,False,10144
user149,Maya Jones,445 Cactus Road,maya.jones@hpnorton.com,555-555-0145,True,10145
user150,Andrew Miles,446 Thomas Road,andrew.miles@hpnorton.com,555-555-0146,True,10146
user151,Adam Cruz,447 Railroad Avenue,adam.cruz@hpnorton.com,555-555-0147,True,10147
user152,Adam Miles,448 Broadway Avenue,adam.miles@hpnorton.com,555-555-0148,False,10148
user153,Will Smith,449 Broadway Road,will.smith@hpnorton.com,555-555-0149,True,10149
user154,Maya Adams,450 Thomas Road,maya.adams@hpnorton.com,555-555-0150,False,10150
user155,Kate Harris,451 Elliot Drive,kate.harris@hpnorton.com,555-555-0151,True,10151
user156,John Data,452 Cactus Road,john.data@hpnorton.com,555-555-0152,False,10152
user157,Kate Cruz,453 Union Avenue,kate.cruz@hpnorton.com,555-555-0153,True,10153
user158,Andrew Smith,454 Thomas Avenue,andrew.smith@hpnorton.com,555-555-0154,True,10154
user159,Kate Jones,455 Union Avenue,kate.jones@hpnorton.com,555-555-0155,True,10155
user160,Elisa Cruz,456 Elliot Street,elisa.cruz@hpnorton.com,555-555-0156,True,10156
user161,Kate Miles,457 Elliot Avenue,kate.miles@hpnorton.com,555-555-0157,True,10157
user162,Sarah Jones,458 Elliot Street,sarah.jones@hpnorton.com,555-555-0158,True,10158
user163,Adam Smith,459 Broadway Avenue,adam.smith@hpnorton.com,555-555-0159,True,10159
user164,Kate Adams,460 Elliot Road,kate.adams@hpnorton.com,555-555-0160,True,10160
user165,Sarah Data,461 Elliot Street,sarah.data@hpnorton.com,555-555-0161,False,10161
user166,Adam Miles,462 Thomas Road,adam.miles@hpnorton.com,555-555-0162,False,10162
user167,Kate Jones,463 Union Street,kate.jones@hpnorton.com,555-555-0163,True,10163
user168,Maya Data,464 Railroad Drive,maya.data@hpnorton.com,555-555-0164,False,10164
user169,Andrew Miles,465 Elliot Avenue,andrew.miles@hpnorton.com,555-555-0165,True,10165
user170,Andrew Data,466 Broadway Avenue,andrew.data@hpnorton.com,555-555-0166,False,10166
user171,John Data,467 Thomas Road,john.data@hpnorton.com,555-555-0167,False,10167
user172,Maya Data,468 Cactus Street,maya.data@hpnorton.com,555-555-0168,False,10168
user173,Adam Smith,469 Cactus Drive,adam.smith@hpnorton.com,555-555-0169,True,10169
user174,Sarah Smith,470 Union Avenue,sarah.smith@hpnorton.com,555-555-0170,True,10170
user175,Maya Data,471 Broadway Avenue,maya.data@hpnorton.com,555-555-0171,True,10171
user176,Sarah Data,472 Broadway Road,sarah.data@hpnorton.com,555-555-0172,False,10172
user177,Will Data,473 Broadway Drive,will.data@hpnorton.com,555-555-0173,False,10173
user178,Elisa Data,474 Cactus Street,elisa.data@hpnorton.com,555-555-0174,False,10174
user179,Adam Cruz,475 Railroad Drive,adam.cruz@hpnorton.com,555-555-0175,False,10175
user180,Sarah Data,476 Union Street,sarah.data@hpnorton.com,555-555-0176,False,10176
user181,Andrew Miles,477 Union Drive,andrew.miles@hpnorton.com,555-555-0177,False,10177
user182,Maya Smith,478 Broadway Road,maya.smith@hpnorton.com,555-555-0178,True,10178
user183,Elisa Harris,479 Thomas Road,elisa.harris@hpnorton.com,555-555-0179,True,10179
user184,John Adams,480 Elliot Avenue,john.adams@hpnorton.com,555-555-0180,True,10180
user185,Adam Smith,481 Thomas Road,adam.smith@hpnorton.com,555-555-0181,False,10181
user186,Andrew Jones,482 Railroad Road,andrew.jones@hpnorton.com,555-555-0182,False,10182
user187,Sarah Jones,483 Thomas Street,sarah.jones@hpnorton.com,555-555-0183,True,10183
user188,John Harris,484 Cactus Drive,john.harris@hpnorton.com,555-555-0184,True,10184
user189,Maya Data,485 Broadway Road,maya.data@hpnorton.com,555-555-0185,True,10185
user190,John Harris,486 Railroad Road,john.harris@hpnorton.com,555-555-0186,False,10186
user191,Elisa Smith,487 Broadway Avenue,elisa.smith@hpnorton.com,555-555-0187,False,10187
user192,Maya Smith,488 Railroad Drive,maya.smith@hpnorton.com,555-555-0188,True,10188
user193,John Cruz,489 Railroad Street,john.cruz@hpnorton.com,555-555-0189,False,10189
user194,Andrew Cruz,490 Railroad Avenue,andrew.cruz@hpnorton.com,555-555-0190,True,10190
user195,Sarah Jones,491 Railroad Drive,sarah.jones@hpnorton.com,555-555-0191,False,10191
user196,Will Harris,492 Union Road,will.harris@hpnorton.com,555-555-0192,True,10192
user197,Sarah Cruz,493 Railroad Street,sarah.cruz@hpnorton.com,555-555-0193,False,10193
user198,Kate Smith,494 Railroad Avenue,kate.smith@hpnorton.com,555-555-0194,False,10194
user199,Elisa Harris,495 Union Avenue,elisa.harris@hpnorton.com,555-555-0195,True,10195
user200,Andrew Jones,496 Thomas Avenue,andrew.jones@hpnorton.com,555-555-0196,False,10196
user201,Elisa Cruz,497 Railroad Avenue,elisa.cruz@hpnorton.com,555-555-0197,False,10197
user202,Adam Data,498 Elliot Avenue,adam.data@hpnorton.com,555-555-0198,False,10198
user203,Sarah Miles,499 Elliot Drive,sarah.miles@hpnorton.com,555-555-0199,False,10199
user204,Elisa Data,500 Union Road,elisa.data@hpnorton.com,555-555-0200,False,10200
user205,Andrew Smith,501 Cactus Drive,andrew.smith@hpnorton.com,555-555-0201,True,10201
user206,Sarah Cruz,502 Broadway Avenue,sarah.cruz@hpnorton.com,555-555-0202,True,10202
user207,John Smith,503 Elliot Avenue,john.smith@hpnorton.com,555-555-0203,True,10203
user208,Elisa Data,504 Elliot Avenue,elisa.data@hpnorton.com,555-555-0204,True,10204
user209,John Smith,505 Broadway Road,john.smith@hpnorton.com,555-555-0205,False,10205
user210,Maya Jones,506 Broadway Street,maya.jones@hpnorton.com,555-555-0206,False,10206
user211,Andrew Adams,507 Elliot Drive,andrew.adams@hpnorton.com,555-555-0207,False,10207
user212,Will Cruz,508 Railroad Street,will.cruz@hpnorton.com,555-555-0208,True,10208
user213,Adam Harris,509 Union Road,adam.harris@hpnorton.com,555-555-0209,True,10209
user214,Adam Adams,510 Elliot Street,adam.adams@hpnorton.com,555-555-0210,False,10210
user215,Andrew Jones,511 Railroad Road,andrew.jones@hpnorton.com,555-555-0211,False,10211
user216,Andrew Harris,512 Elliot Avenue,andrew.harris@hpnorton.com,555-555-0212,False,10212
user217,Adam Data,513 Broadway Avenue,adam.data@hpnorton.com,555-555-0213,False,10213
user218,Andrew Harris,514 Railroad Avenue,andrew.harris@hpnorton.com,555-555-0214,False,10214
user219,Kate Adams,515 Elliot Street,kate.adams@hpnorton.com,555-555-0215,True,10215
user220,John Jones,516 Elliot Street,john.jones@hpnorton.com,555-555-0216,False,10216
user221,Adam Adams,517 Thomas Drive,adam.adams@hpnorton.com,555-555-0217,False,10217
user222,Sarah Jones,518 Cactus Avenue,sarah.jones@hpnorton.com,555-555-0218,False,10218
user223,Kate Jones,519 Thomas Avenue,kate.jones@hpnorton.com,555-555-0219,False,10219
user224,Will Adams,520 Thomas Drive,will.adams@hpnorton.com,555-555-0220,True,10220
user225,Kate Smith,521 Railroad Street,kate.smith@hpnorton.com,555-555-0221,True,10221
user226,Maya Harris,522 Railroad Drive,maya.harris@hpnorton.com,555-555-0222,False,10222
user227,Kate Data,523 Elliot Avenue,kate.data@hpnorton.com,555-555-0223,True,10223
user228,Andrew Adams,524 Union Avenue,andrew.adams@hpnorton.com,555-555-0224,True,10224
user229,Sarah Data,525 Broadway Drive,sarah.data@hpnorton.com,555-555-0225,True,10225
user230,Maya Smith,526 Thomas Drive,maya.smith@hpnorton.com,555-555-0226,True,10226
user231,Sarah Data,527 Broadway Avenue,sarah.data@hpnorton.com,555-555-0227,True,10227
user232,Maya Cruz,528 Railroad Street,maya.cruz@hpnorton.com,555-555-0228,True,10228
user233,Maya Data,529 Elliot Road,maya.data@hpnorton.com,555-555-0229,True,10229
user234,Andrew Cruz,530 Thomas Street,andrew.cruz@hpnorton.com,555-555-0230,True,10230
user235,John Harris,531 Union Road,john.harris@hpnorton.com,555-555-0231,False,10231
user236,Andrew Adams,532 Broadway Avenue,andrew.adams@hpnorton.com,555-555-0232,False,10232
user237,John Smith,533 Elliot Street,john.smith@hpnorton.com,555-555-0233,True,10233
user238,John Miles,534 Railroad Street,john.miles@hpnorton.com,555-555-0234,True,10234
user239,Kate Data,535 Broadway Drive,kate.data@hpnorton.com,555-555-0235,False,10235
user240,Kate Miles,536 Elliot Drive,kate.miles@hpnorton.com,555-555-0236,True,10236
user241,Maya Cruz,537 Cactus Road,maya.cruz@hpnorton.com,555-555-0237,False,10237
user242,Maya Jones,538 Railroad Street,maya.jones@hpnorton.com,555-555-0238,False,10238
user243,Will Jones,539 Elliot Avenue,will.jones@hpnorton.com,555-555-0239,False,10239
user244,Sarah Miles,540 Thomas Road,sarah.miles@hpnorton.com,555-555-0240,False,10240
user245,Sarah Smith,541 Thomas Drive,sarah.smith@hpnorton.com,555-555-0241,True,10241
user246,Maya Data,542 Elliot Drive,maya.data@hpnorton.com,555-555-0242,False,10242
user247,Kate Cruz,543 Broadway Road,kate.cruz@hpnorton.com,555-555-0243,True,10243
user248,Will Cruz,544 Thomas Avenue,will.cruz@hpnorton.com,555-555-0244,False,10244
user249,John Adams,545 Elliot Street,john.adams@hpnorton.com,555-555-0245,False,10245
user250,Will Jones,546 Broadway Drive,will.jones@hpnorton.com,555-555-0246,True,10246
user251,Maya Data,547 Union Road,maya.data@hpnorton.com,555-555-0247,True,10247
user252,Kate Data,548 Railroad Avenue,kate.data@hpnorton.com,555-555-0248,False,10248
user253,Will Data,549 Cactus Avenue,will.data@hpnorton.com,555-555-0249,False,10249
user254,Maya Adams,550 Thomas Avenue,maya.adams@hpnorton.com,555-555-0250,False,10250
user255,Adam Smith,551 Thomas Drive,adam.smith@hpnorton.com,555-555-0251,True,10251
user256,John Adams,552 Railroad Road,john.adams@hpnorton.com,555-555-0252,False,10252
user257,Adam Smith,553 Railroad Road,adam.smith@hpnorton.com,555-555-0253,True,10253
user258,Will Smith,554 Railroad Drive,will.smith@hpnorton.com,555-555-0254,True,10254
user259,John Harris,555 Thomas Drive,john.harris@hpnorton.com,555-555-0255,False,10255
user260,Kate Miles,556 Broadway Road,kate.miles@hpnorton.com,555-555-0256,True,10256
user261,John Smith,557 Broadway Street,john.smith@hpnorton.com,555-555-0257,False,10257
user262,Elisa Adams,558 Railroad Road,elisa.adams@hpnorton.com,555-555-0258,False,10258
user263,Maya Data,559 Union Avenue,maya.data@hpnorton.com,555-555-0259,False,10259
user264,Sarah Smith,560 Cactus Road,sarah.smith@hpnorton.com,555-555-0260,False,10260
user265,Adam Harris,561 Broadway Road,adam.harris@hpnorton.com,555-555-0261,True,10261
user266,John Harris,562 Union Street,john.harris@hpnorton.com,555-555-0262,False,10262
user267,Will Data,563 Railroad Avenue,will.data@hpnorton.com,555-555-0263,True,10263
user268,Kate Data,564 Elliot Drive,kate.data@hpnorton.com,555-555-0264,False,10264
user269,Elisa Harris,565 Broadway Road,elisa.harris@hpnorton.com,555-555-0265,False,10265
user270,John Adams,566 Railroad Drive,john.adams@hpnorton.com,555-555-0266,True,10266
user271,Adam Harris,567 Railroad Avenue,adam.harris@hpnorton.com,555-555-0267,False,10267
user272,Elisa Smith,568 Railroad Street,elisa.smith@hpnorton.com,555-555-0268,False,10268
user273,Andrew Cruz,569 Union Avenue,andrew.cruz@hpnorton.com,555-555-0269,True,10269
user274,Sarah Harris,570 Elliot Street,sarah.harris@hpnorton.com,555-555-0270,False,10270
user275,Adam Smith,571 Thomas Road,adam.smith@hpnorton.com,555-555-0271,False,10271
user276,Maya Smith,572 Elliot Road,maya.smith@hpnorton.com,555-555-0272,False,10272
user277,Elisa Miles,573 Thomas Drive,elisa.miles@hpnorton.com,555-555-0273,True,10273
user278,Adam Miles,574 Elliot Avenue,adam.miles@hpnorton.com,555-555-0274,False,10274
user279,Sarah Data,575 Railroad Road,sarah.data@hpnorton.com,555-555-0275,True,10275
user280,Maya Harris,576 Elliot Avenue,maya.harris@hpnorton.com,555-555-0276,True,10276
user281,Sarah Jones,577 Broadway Avenue,sarah.jones@hpnorton.com,555-555-0277,False,10277
user282,Sarah Harris,578 Railroad Drive,sarah.harris@hpnorton.com,555-555-0278,False,10278
user283,Sarah Jones,579 Broadway Street,sarah.jones@hpnorton.com,555-555-0279,False,10279
user284,Andrew Jones,580 Cactus Road,andrew.jones@hpnorton.com,555-555-0280,False,10280
user285,Adam Harris,581 Railroad Street,adam.harris@hpnorton.com,555-555-0281,False,10281
user286,Andrew Jones,582 Union Road,andrew.jones@hpnorton.com,555-555-0282,True,10282
user287,Andrew Miles,583 Thomas Drive,andrew.miles@hpnorton.com,555-555-0283,False,10283
user288,John Smith,584 Cactus Avenue,john.smith@hpnorton.com,555-555-0284,True,10284
user289,Adam Adams,585 Elliot Street,adam.adams@hpnorton.com,555-555-0285,False,10285
user290,Kate Miles,586 Broadway Drive,kate.miles@hpnorton.com,555-555-0286,False,10286
user291,John Jones,587 Broadway Drive,john.jones@hpnorton.com,555-555-0287,False,10287
user292,Kate Harris,588 Railroad Drive,kate.harris@hpnorton.com,555-555-0288,False,10288
user293,Elisa Harris,589 Broadway Road,elisa.harris@hpnorton.com,555-555-0289,True,10289
user294,Andrew Cruz,590 Union Road,andrew.cruz@hpnorton.com,555-555-0290,False,10290
user295,Sarah Miles,591 Broadway Avenue,sarah.miles@hpnorton.com,555-555-0291,True,10291
user296,Elisa Smith,592 Union Street,elisa.smith@hpnorton.com,555-555-0292,True,10292
user297,John Data,593 Elliot Road,john.data@hpnorton.com,555-555-0293,False,10293
user298,Adam Harris,594 Thomas Road,adam.harris@hpnorton.com,555-555-0294,False,10294
user299,John Data,595 Broadway Avenue,john.data@hpnorton.com,555-555-0295,True,10295
user300,John Jones,596 Thomas Road,john.jones@hpnorton.com,555-555-0296,False,10296
user301,Andrew Cruz,597 Elliot Street,andrew.cruz@hpnorton.com,555-555-0297,True,10297
user302,Andrew Smith,598 Railroad Street,andrew.smith@hpnorton.com,555-555-0298,True,10298
user303,Kate Harris,599 Union Street,kate.harris@hpnorton.com,555-555-0299,True,10299
user304,Sarah Harris,600 Union Street,sarah.harris@hpnorton.com,555-555-0300,False,10300
user305,Elisa Cruz,601 Railroad Avenue,elisa.cruz@hpnorton.com,555-555-0301,False,10301
user306,Will Miles,602 Cactus Drive,will.miles@hpnorton.com,555-555-0302,True,10302
user307,Elisa Smith,603 Broadway Road,elisa.smith@hpnorton.com,555-555-0303,True,10303
user308,Sarah Jones,604 Cactus Street,sarah.jones@hpnorton.com,555-555-0304,True,10304
user309,Maya Cruz,605 Broadway Avenue,maya.cruz@hpnorton.com,555-555-0305,False,10305
user310,John Miles,606 Cactus Street,john.miles@hpnorton.com,555-555-0306,True,10306
user311,Andrew Harris,607 Thomas Avenue,andrew.harris@hpnorton.com,555-555-0307,True,10307
user312,John Adams,608 Elliot Drive,john.adams@hpnorton.com,555-555-0308,False,10308
user313,Elisa Cruz,609 Elliot Street,elisa.cruz@hpnorton.com,555-555-0309,True,10309
user314,Will Jones,610 Cactus Avenue,will.jones@hpnorton.com,555-555-0310,False,10310
user315,Kate Cruz,611 Cactus Drive,kate.cruz@hpnorton.com,555-555-0311,False,10311
user316,John Cruz,612 Thomas Road,john.cruz@hpnorton.com,555-555-0312,True,10312
user317,Adam Adams,613 Broadway Street,adam.adams@hpnorton.com,555-555-0313,True,10313
user318,Kate Adams,614 Broadway Street,kate.adams@hpnorton.com,555-555-0314,False,10314
user319,Will Jones,615 Elliot Avenue,will.jones@hpnorton.com,555-555-0315,True,10315
user320,Andrew Adams,616 Broadway Road,andrew.adams@hpnorton.com,555-555-0316,True,10316
user321,Maya Cruz,617 Railroad Drive,maya.cruz@hpnorton.com,555-555-0317,True,10317
user322,Maya Miles,618 Union Drive,maya.miles@hpnorton.com,555-555-0318,True,10318
user323,Sarah Data,619 Elliot Drive,sarah.data@hpnorton.com,555-555-0319,True,10319
user324,John Jones,620 Cactus Avenue,john.jones@hpnorton.com,555-555-0320,True,10320
user325,Elisa Cruz,621 Elliot Road,elisa.cruz@hpnorton.com,555-555-0321,True,10321
user326,Sarah Adams,622 Elliot Drive,sarah.adams@hpnorton.com,555-555-0322,False,10322
user327,Kate Jones,623 Elliot Drive,kate.jones@hpnorton.com,555-555-0323,True,10323
user328,Andrew Miles,624 Railroad Street,andrew.miles@hpnorton.com,555-555-0324,True,10324
user329,Elisa Smith,625 Union Avenue,elisa.smith@hpnorton.com,555-555-0325,False,10325
user330,Maya Miles,626 Union Avenue,maya.miles@hpnorton.com,555-555-0326,True,10326
user331,Adam Data,627 Thomas Drive,adam.data@hpnorton.com,555-555-0327,True,10327
user332,Maya Smith,628 Elliot Street,maya.smith@hpnorton.com,555-555-0328,True,10328
user333,John Smith,629 Railroad Drive,john.smith@hpnorton.com,555-555-0329,True,10329
user334,Kate Harris,630 Broadway Avenue,kate.harris@hpnorton.com,555-555-0330,True,10330
user335,Andrew Harris,631 Cactus Avenue,andrew.harris@hpnorton.com,555-555-0331,False,10331
user336,Andrew Adams,632 Broadway Road,andrew.adams@hpnorton.com,555-555-0332,True,10332
user337,Adam Smith,633 Elliot Drive,adam.smith@hpnorton.com,555-555-0333,False,10333
user338,Adam Jones,634 Union Street,adam.jones@hpnorton.com,555-555-0334,True,10334
user339,Adam Jones,635 Union Drive,adam.jones@hpnorton.com,555-555-0335,True,10335
user340,Elisa Harris,636 Thomas Street,elisa.harris@hpnorton.com,555-555-0336,True,10336
user341,Elisa Data,637 Cactus Street,elisa.data@hpnorton.com,555-555-0337,True,10337
user342,Will Miles,638 Elliot Road,will.miles@hpnorton.com,555-555-0338,False,10338
user343,Sarah Data,639 Broadway Drive,sarah.data@hpnorton.com,555-555-0339,False,10339
user344,Will Jones,640 Union Road,will.jones@hpnorton.com,555-555-0340,False,10340
user345,Andrew Harris,641 Broadway Street,andrew.harris@hpnorton.com,555-555-0341,True,10341
user346,Maya Harris,642 Thomas Drive,maya.harris@hpnorton.com,555-555-0342,False,10342
user347,Will Cruz,643 Elliot Avenue,will.cruz@hpnorton.com,555-555-0343,True,10343
user348,Andrew Adams,644 Railroad Drive,andrew.adams@hpnorton.com,555-555-0344,True,10344
user349,Adam Miles,645 Railroad Avenue,adam.miles@hpnorton.com,555-555-0345,False,10345
user350,Elisa Smith,646 Union Avenue,elisa.smith@hpnorton.com,555-555-0346,True,10346
user351,Kate Miles,647 Cactus Road,kate.miles@hpnorton.com,555-555-0347,False,10347
user352,Kate Jones,648 Cactus Street,kate.jones@hpnorton.com,555-555-0348,False,10348
user353,Sarah Smith,649 Elliot Road,sarah.smith@hpnorton.com,555-555-0349,False,10349
user354,Adam Harris,650 Union Avenue,adam.harris@hpnorton.com,555-555-0350,False,10350
user355,Andrew Harris,651 Railroad Drive,andrew.harris@hpnorton.com,555-555-0351,False,10351
user356,Andrew Jones,652 Cactus Road,andrew.jones@hpnorton.com,555-555-0352,False,10352
user357,John Smith,653 Railroad Street,john.smith@hpnorton.com,555-555-0353,False,10353
user358,Sarah Smith,654 Elliot Avenue,sarah.smith@hpnorton.com,555-555-0354,True,10354
user359,Andrew Miles,655 Broadway Road,andrew.miles@hpnorton.com,555-555-0355,True,10355
user360,Will Smith,656 Elliot Street,will.smith@hpnorton.com,555-555-0356,False,10356
user361,Andrew Jones,657 Railroad Road,andrew.jones@hpnorton.com,555-555-0357,False,10357
user362,Sarah Smith,658 Broadway Road,sarah.smith@hpnorton.com,555-555-0358,True,10358
user363,Will Data,659 Cactus Drive,will.data@hpnorton.com,555-555-0359,True,10359
user364,Elisa Miles,660 Broadway Avenue,elisa.miles@hpnorton.com,555-555-0360,True,10360
user365,Andrew Smith,661 Union Avenue,andrew.smith@hpnorton.com,555-555-0361,True,10361
user366,Elisa Jones,662 Union Drive,elisa.jones@hpnorton.com,555-555-0362,False,10362
user367,Adam Smith,663 Cactus Avenue,adam.smith@hpnorton.com,555-555-0363,True,10363
user368,Adam Smith,664 Broadway Avenue,adam.smith@hpnorton.com,555-555-0364,True,10364
user369,John Miles,665 Cactus Road,john.miles@hpnorton.com,555-555-0365,False,10365
user370,John Cruz,666 Thomas Avenue,john.cruz@hpnorton.com,555-555-0366,True,10366
user371,Adam Adams,667 Railroad Street,adam.adams@hpnorton.com,555-555-0367,False,10367
user372,John Miles,668 Railroad Road,john.miles@hpnorton.com,555-555-0368,False,10368
user373,Adam Smith,669 Union Street,adam.smith@hpnorton.com,555-555-0369,False,10369
user374,Elisa Harris,670 Thomas Drive,elisa.harris@hpnorton.com,555-555-0370,True,10370
user375,Andrew Jones,671 Union Drive,andrew.jones@hpnorton.com,555-555-0371,False,10371
user376,Adam Jones,672 Railroad Street,adam.jones@hpnorton.com,555-555-0372,False,10372
user377,Kate Harris,673 Broadway Drive,kate.harris@hpnorton.com,555-555-0373,True,10373
user378,Kate Cruz,674 Railroad Drive,kate.cruz@hpnorton.com,555-555-0374,False,10374
user379,Will Jones,675 Union Avenue,will.jones@hpnorton.com,555-555-0375,False,10375
user380,John Harris,676 Union Street,john.harris@hpnorton.com,555-555-0376,False,10376
user381,Andrew Harris,677 Railroad Avenue,andrew.harris@hpnorton.com,555-555-0377,True,10377
user382,Andrew Data,678 Cactus Drive,andrew.data@hpnorton.com,555-555-0378,False,10378
user383,Maya Smith,679 Union Street,maya.smith@hpnorton.com,555-555-0379,True,10379
user384,Kate Harris,680 Cactus Drive,kate.harris@hpnorton.com,555-555-0380,True,10380
user385,Adam Adams,681 Railroad Avenue,adam.adams@hpnorton.com,555-555-0381,True,10381
user386,Adam Harris,682 Railroad Avenue,adam.harris@hpnorton.com,555-555-0382,True,10382
user387,Elisa Data,683 Broadway Drive,elisa.data@hpnorton.com,555-555-0383,False,10383
user388,Adam Harris,684 Thomas Drive,adam.harris@hpnorton.com,555-555-0384,True,10384
user389,Will Adams,685 Railroad Avenue,will.adams@hpnorton.com,555-555-0385,True,10385
user390,Sarah Jones,686 Elliot Avenue,sarah.jones@hpnorton.com,555-555-0386,False,10386
user391,Will Harris,687 Cactus Street,will.harris@hpnorton.com,555-555-0387,False,10387
user392,John Adams,688 Railroad Drive,john.adams@hpnorton.com,555-555-0388,True,10388
user393,Elisa Harris,689 Railroad Avenue,elisa.harris@hpnorton.com,555-555-0389,False,10389
user394,Kate Harris,690 Railroad Drive,kate.harris@hpnorton.com,555-555-0390,False,10390
user395,Kate Miles,691 Union Road,kate.miles@hpnorton.com,555-555-0391,True,10391
user396,Sarah Harris,692 Thomas Drive,sarah.harris@hpnorton.com,555-555-0392,False,10392
user397,Andrew Jones,693 Railroad Road,andrew.jones@hpnorton.com,555-555-0393,False,10393
user398,John Adams,694 Thomas Drive,john.adams@hpnorton.com,555-555-0394,False,10394
user399,Sarah Miles,695 Cactus Drive,sarah.miles@hpnorton.com,555-555-0395,True,10395
user400,Elisa Adams,696 Elliot Road,elisa.adams@hpnorton.com,555-555-0396,False,10396
user401,Kate Data,697 Union Street,kate.data@hpnorton.com,555-555-0397,True,10397
user402,Will Miles,698 Railroad Street,will.miles@hpnorton.com,555-555-0398,True,10398
user403,Adam Miles,699 Elliot Drive,adam.miles@hpnorton.com,555-555-0399,False,10399
user404,Andrew Adams,700 Cactus Street,andrew.adams@hpnorton.com,555-555-0400,False,10400
user405,Kate Miles,701 Broadway Drive,kate.miles@hpnorton.com,555-555-0401,True,10401
user406,Andrew Jones,702 Cactus Road,andrew.jones@hpnorton.com,555-555-0402,False,10402
user407,Adam Jones,703 Union Avenue,adam.jones@hpnorton.com,555-555-0403,False,10403
user408,Elisa Harris,704 Elliot Road,elisa.harris@hpnorton.com,555-555-0404,False,10404
user409,Sarah Jones,705 Broadway Avenue,sarah.jones@hpnorton.com,555-555-0405,False,10405
user410,Andrew Cruz,706 Thomas Drive,andrew.cruz@hpnorton.com,555-555-0406,False,10406
user411,John Jones,707 Elliot Street,john.jones@hpnorton.com,555-555-0407,False,10407
user412,John Smith,708 Cactus Drive,john.smith@hpnorton.com,555-555-0408,True,10408
user413,Kate Adams,709 Union Street,kate.adams@hpnorton.com,555-555-0409,False,10409
user414,Maya Smith,710 Elliot Drive,maya.smith@hpnorton.com,555-555-0410,True,10410
user415,Kate Miles,711 Thomas Road,kate.miles@hpnorton.com,555-555-0411,False,10411
user416,Elisa Miles,712 Railroad Road,elisa.miles@hpnorton.com,555-555-0412,False,10412
user417,Maya Cruz,713 Elliot Road,maya.cruz@hpnorton.com,555-555-0413,False,10413
user418,Elisa Cruz,714 Thomas Street,elisa.cruz@hpnorton.com,555-555-0414,False,10414
user419,Sarah Jones,715 Union Road,sarah.jones@hpnorton.com,555-555-0415,True,10415
user420,Maya Adams,716 Railroad Road,maya.adams@hpnorton.com,555-555-0416,True,10416
user421,Andrew Jones,717 Thomas Avenue,andrew.jones@hpnorton.com,555-555-0417,True,10417
user422,John Cruz,718 Broadway Street,john.cruz@hpnorton.com,555-555-0418,False,10418
user423,Elisa Miles,719 Cactus Road,elisa.miles@hpnorton.com,555-555-0419,True,10419
user424,Maya Smith,720 Thomas Drive,maya.smith@hpnorton.com,555-555-0420,True,10420
user425,Andrew Adams,721 Elliot Road,andrew.adams@hpnorton.com,555-555-0421,True,10421
user426,Sarah Cruz,722 Union Avenue,sarah.cruz@hpnorton.com,555-555-0422,True,10422
user427,Andrew Adams,723 Elliot Street,andrew.adams@hpnorton.com,555-555-0423,True,10423
user428,John Cruz,724 Cactus Drive,john.cruz@hpnorton.com,555-555-0424,True,10424
user429,Kate Smith,725 Cactus Avenue,kate.smith@hpnorton.com,555-555-0425,True,10425
user430,Maya Miles,726 Railroad Road,maya.miles@hpnorton.com,555-555-0426,True,10426
user431,Maya Cruz,727 Elliot Drive,maya.cruz@hpnorton.com,555-555-0427,False,10427
user432,Elisa Harris,728 Cactus Road,elisa.harris@hpnorton.com,555-555-0428,True,10428
user433,Will Smith,729 Broadway Road,will.smith@hpnorton.com,555-555-0429,True,10429
user434,Andrew Adams,730 Broadway Avenue,andrew.adams@hpnorton.com,555-555-0430,True,10430
user435,John Miles,731 Cactus Road,john.miles@hpnorton.com,555-555-0431,True,10431
user436,Kate Miles,732 Railroad Avenue,kate.miles@hpnorton.com,555-555-0432,True,10432
user437,Andrew Data,733 Union Drive,andrew.data@hpnorton.com,555-555-0433,True,10433
user438,Adam Data,734 Cactus Drive,adam.data@hpnorton.com,555-555-0434,False,10434
user439,Kate Harris,735 Thomas Road,kate.harris@hpnorton.com,555-555-0435,True,10435
user440,Kate Cruz,736 Railroad Drive,kate.cruz@hpnorton.com,555-555-0436,True,10436
user441,Will Cruz,737 Union Road,will.cruz@hpnorton.com,555-555-0437,True,10437
user442,John Cruz,738 Union Drive,john.cruz@hpnorton.com,555-555-0438,False,10438
user443,Andrew Adams,739 Broadway Road,andrew.adams@hpnorton.com,555-555-0439,True,10439
user444,Andrew Cruz,740 Railroad Street,andrew.cruz@hpnorton.com,555-555-0440,False,10440
user445,Adam Cruz,741 Cactus Avenue,adam.cruz@hpnorton.com,555-555-0441,False,10441
user446,Adam Harris,742 Cactus Avenue,adam.harris@hpnorton.com,555-555-0442,True,10442
user447,Elisa Miles,743 Broadway Avenue,elisa.miles@hpnorton.com,555-555-0443,False,10443
user448,Elisa Miles,744 Thomas Street,elisa.miles@hpnorton.com,555-555-0444,False,10444
user449,Andrew Miles,745 Railroad Avenue,andrew.miles@hpnorton.com,555-555-0445,False,10445
user450,John Smith,746 Union Street,john.smith@hpnorton.com,555-555-0446,True,10446
user451,Adam Harris,747 Union Street,adam.harris@hpnorton.com,555-555-0447,False,10447
user452,Adam Smith,748 Cactus Avenue,adam.smith@hpnorton.com,555-555-0448,True,10448
user453,Maya Data,749 Thomas Road,maya.data@hpnorton.com,555-555-0449,True,10449
user454,Sarah Jones,750 Cactus Street,sarah.jones@hpnorton.com,555-555-0450,False,10450
user455,Elisa Cruz,751 Union Road,elisa.cruz@hpnorton.com,555-555-0451,True,10451
user456,Will Miles,752 Thomas Drive,will.miles@hpnorton.com,555-555-0452,True,10452
user457,Will Harris,753 Elliot Street,will.harris@hpnorton.com,555-555-0453,False,10453
user458,Maya Cruz,754 Cactus Street,maya.cruz@hpnorton.com,555-555-0454,True,10454
user459,Andrew Data,755 Railroad Drive,andrew.data@hpnorton.com,555-555-0455,True,10455
user460,Adam Cruz,756 Union Drive,adam.cruz@hpnorton.com,555-555-0456,True,10456
user461,Maya Cruz,757 Thomas Drive,maya.cruz@hpnorton.com,555-555-0457,True,10457
user462,Will Harris,758 Broadway Avenue,will.harris@hpnorton.com,555-555-0458,True,10458
user463,Adam Harris,759 Railroad Street,adam.harris@hpnorton.com,555-555-0459,False,10459
user464,Kate Miles,760 Thomas Avenue,kate.miles@hpnorton.com,555-555-0460,False,10460
user465,Andrew Miles,761 Cactus Road,andrew.miles@hpnorton.com,555-555-0461,False,10461
user466,Adam Data,762 Broadway Drive,adam.data@hpnorton.com,555-555-0462,True,10462
user467,Sarah Harris,763 Broadway Street,sarah.harris@hpnorton.com,555-555-0463,True,10463
user468,Sarah Smith,764 Union Avenue,sarah.smith@hpnorton.com,555-555-0464,False,10464
user469,Elisa Jones,765 Thomas Street,elisa.jones@hpnorton.com,555-555-0465,True,10465
user470,Kate Adams,766 Cactus Road,kate.adams@hpnorton.com,555-555-0466,False,10466
user471,Will Data,767 Union Avenue,will.data@hpnorton.com,555-555-0467,False,10467
user472,Adam Cruz,768 Union Avenue,adam.cruz@hpnorton.com,555-555-0468,False,10468
user473,Kate Miles,769 Thomas Road,kate.miles@hpnorton.com,555-555-0469,True,10469
user474,Andrew Miles,770 Union Road,andrew.miles@hpnorton.com,555-555-0470,True,10470
user475,Will Cruz,771 Elliot Road,will.cruz@hpnorton.com,555-555-0471,True,10471
user476,Will Data,772 Cactus Road,will.data@hpnorton.com,555-555-0472,False,10472
user477,Kate Jones,773 Elliot Drive,kate.jones@hpnorton.com,555-555-0473,True,10473
user478,Will Cruz,774 Cactus Street,will.cruz@hpnorton.com,555-555-0474,True,10474
user479,John Smith,775 Thomas Avenue,john.smith@hpnorton.com,555-555-0475,True,10475
user480,John Miles,776 Union Road,john.miles@hpnorton.com,555-555-0476,True,10476
user481,Will Adams,777 Union Drive,will.adams@hpnorton.com,555-555-0477,False,10477
user482,Andrew Smith,778 Railroad Drive,andrew.smith@hpnorton.com,555-555-0478,True,10478
user483,John Data,779 Railroad Avenue,john.data@hpnorton.com,555-555-0479,False,10479
user484,Elisa Cruz,780 Union Road,elisa.cruz@hpnorton.com,555-555-0480,False,10480
user485,Will Cruz,781 Thomas Road,will.cruz@hpnorton.com,555-555-0481,False,10481
user486,Sarah Data,782 Broadway Avenue,sarah.data@hpnorton.com,555-555-0482,True,10482
user487,Elisa Harris,783 Thomas Street,elisa.harris@hpnorton.com,555-555-0483,True,10483
user488,Will Cruz,784 Cactus Avenue,will.cruz@hpnorton.com,555-555-0484,False,10484
user489,Kate Cruz,785 Railroad Road,kate.cruz@hpnorton.com,555-555-0485,False,10485
user490,Andrew Jones,786 Elliot Road,andrew.jones@hpnorton.com,555-555-0486,True,10486
user491,Andrew Data,787 Railroad Avenue,andrew.data@hpnorton.com,555-555-0487,True,10487
user492,Sarah Data,788 Cactus Avenue,sarah.data@hpnorton.com,555-555-0488,False,10488
user493,Adam Cruz,789 Railroad Drive,adam.cruz@hpnorton.com,555-555-0489,True,10489
user494,Will Jones,790 Thomas Avenue,will.jones@hpnorton.com,555-555-0490,False,10490
user495,Adam Miles,791 Union Road,adam.miles@hpnorton.com,555-555-0491,True,10491
user496,Sarah Adams,792 Cactus Drive,sarah.adams@hpnorton.com,555-555-0492,True,10492
user497,Elisa Smith,793 Thomas Drive,elisa.smith@hpnorton.com,555-555-0493,True,10493
user498,Kate Cruz,794 Broadway Road,kate.cruz@hpnorton.com,555-555-0494,True,10494
user499,John Data,795 Railroad Street,john.data@hpnorton.com,555-555-0495,True,10495
user500,Will Miles,796 Railroad Road,will.miles@hpnorton.com,555-555-0496,True,10496
user501,Kate Data,797 Elliot Road,kate.data@hpnorton.com,555-555-0497,False,10497
user502,Sarah Adams,798 Thomas Road,sarah.adams@hpnorton.com,555-555-0498,True,10498
user503,Sarah Harris,799 Cactus Drive,sarah.harris@hpnorton.com,555-555-0499,False,10499
