prd001, 60-inch TV stand, livingroom,3
prd011, 60-inch TV stand, livingroom,nan
prd002, L-shaped sofa, livingroom,0
prd002, L-shaped sofa, livingroom, one
prd001, 60-inch TV stand, livingroom,3
prd011, 60-inch TV stand, livingroom,nan
prd002, L-shaped sofa, livingroom,0
prd002, L-shaped sofa, livingroom, one
prd001, 60-inch TV stand, livingroom,3
prd011, 60-inch TV stand, livingroom,nan
prd002, L-shaped sofa, livingroom,0
prd002, L-shaped sofa, livingroom, one
prd001, 60-inch TV stand, livingroom,3
prd011, 60-inch TV stand, livingroom,nan
prd002, L-shaped sofa, livingroom,0
prd002, L-shaped sofa, livingroom, one
prd001, 60-inch TV stand, livingroom,3
prd011, 60-inch TV stand, livingroom,nan
prd002, L-shaped sofa, livingroom,0
prd002, L-shaped sofa, livingroom, one
prd001, 60-inch TV stand, livingroom,3
prd011, 60-inch TV stand, livingroom,nan
prd002, L-shaped sofa, livingroom,0
prd002, L-shaped sofa, livingroom, one
prd001, 60-inch TV stand, livingroom,3
prd011, 60-inch TV stand, livingroom,nan
prd002, L-shaped sofa, livingroom,0
prd002, L-shaped sofa, livingroom, one
prd001, 60-inch TV stand, livingroom,3
prd011, 60-inch TV stand, livingroom,nan
prd002, L-shaped sofa, livingroom,0
prd002, L-shaped sofa, livingroom, one
prd001, 60-inch TV stand, livingroom,3
prd011, 60-inch TV stand, livingroom,nan
prd002, L-shaped sofa, livingroom,0
prd002, L-shaped sofa, livingroom, one
prd001, 60-inch TV stand, livingroom,3
prd011, 60-inch TV stand, livingroom,nan
prd002, L-shaped sofa, livingroom,0
prd002, L-shaped sofa, livingroom, one
